{"loss": [0.6695784330368042], "val_loss": [1.2427871227264404]}