{"loss": [0.8972328901290894], "val_loss": [1.3681352138519287]}