{"loss": [0.8322908878326416], "val_loss": [1.2947715520858765]}