{"loss": [1.4448529481887817], "val_loss": [15.391329765319824]}