{"loss": [1.889675498008728], "val_loss": [11.609940528869629]}