{"loss": [2.3112235069274902], "val_loss": [4.719509601593018]}