{"loss": [0.9290492534637451], "val_loss": [1.4237293004989624]}