{"loss": [1.382863998413086], "val_loss": [4.375584125518799]}