{"loss": [0.6701652407646179], "val_loss": [1.260071873664856]}