{"loss": [1.5233577489852905], "val_loss": [1.7858080863952637]}