{"loss": [0.960954487323761], "val_loss": [1.406402826309204]}