{"loss": [2.4415907859802246], "val_loss": [6.452950477600098]}