{"loss": [0.8355987668037415], "val_loss": [1.3159836530685425]}