{"loss": [0.9045431017875671], "val_loss": [1.3491023778915405]}