{"loss": [1.0017727613449097], "val_loss": [1.422716736793518]}