{"loss": [1.619947075843811], "val_loss": [14.144906044006348]}