{"loss": [2.9619531631469727], "val_loss": [16.377931594848633]}