{"loss": [1.738449215888977], "val_loss": [13.970893859863281]}