{"loss": [0.8714092969894409], "val_loss": [1.369388222694397]}