{"loss": [0.7591037154197693], "val_loss": [1.279407024383545]}