{"loss": [7.048066139221191], "val_loss": [12.94284725189209]}