{"loss": [1.0755010843276978], "val_loss": [1.4428391456604004]}