{"loss": [1.0924242734909058], "val_loss": [1.8394736051559448]}