{"loss": [6.767857074737549], "val_loss": [16.28850555419922]}