{"loss": [2.092632532119751], "val_loss": [4.566247463226318]}