{"loss": [0.8393224477767944], "val_loss": [1.307666301727295]}