{"loss": [0.8363496661186218], "val_loss": [1.3384809494018555]}