{"loss": [3.119497776031494], "val_loss": [5.155795574188232]}