{"loss": [1.1485944986343384], "val_loss": [4.136414051055908]}