{"loss": [1.19352388381958], "val_loss": [1.7844065427780151]}