{"loss": [0.7066864371299744], "val_loss": [1.2975419759750366]}