{"loss": [1.437757134437561], "val_loss": [3.5088002681732178]}