{"loss": [1.256838083267212], "val_loss": [2.061234712600708]}