{"loss": [1.5070661306381226], "val_loss": [14.747824668884277]}