{"loss": [0.7920398712158203], "val_loss": [1.315280795097351]}