{"loss": [1.6181262731552124], "val_loss": [3.128622055053711]}