{"loss": [1.4933207035064697], "val_loss": [17.69332504272461]}