{"loss": [1.59623122215271], "val_loss": [2.797633409500122]}