{"loss": [1.3203132152557373], "val_loss": [2.4746220111846924]}