{"loss": [6.9152631759643555], "val_loss": [46.30345916748047]}