{"loss": [1.9572821855545044], "val_loss": [7.861518383026123]}