{"loss": [2.194322109222412], "val_loss": [2.155984401702881]}