{"loss": [1.9834860563278198], "val_loss": [7.304220199584961]}