{"loss": [0.9087896943092346], "val_loss": [1.3826137781143188]}