{"loss": [1.2345188856124878], "val_loss": [2.105571985244751]}