{"loss": [0.7987926006317139], "val_loss": [1.3183023929595947]}