{"loss": [1.1576638221740723], "val_loss": [5.420559406280518]}