{"loss": [0.8332725167274475], "val_loss": [1.3228896856307983]}