{"loss": [1.2029598951339722], "val_loss": [1.9290589094161987]}