{"loss": [1.8122960329055786], "val_loss": [2.3586792945861816]}