{"loss": [1.3906540870666504], "val_loss": [2.741628885269165]}