{"loss": [0.7347505688667297], "val_loss": [1.277112364768982]}