{"loss": [3.1902148723602295], "val_loss": [3.969038724899292]}