{"loss": [1.328108787536621], "val_loss": [5.43862771987915]}