{"loss": [2.525747299194336], "val_loss": [5.692267894744873]}