{"loss": [1.401675820350647], "val_loss": [2.18104887008667]}