{"loss": [1.2820801734924316], "val_loss": [1.938693881034851]}