{"loss": [1.7685271501541138], "val_loss": [2.2274584770202637]}