{"loss": [0.6766048669815063], "val_loss": [1.2754459381103516]}