{"loss": [1.6919069290161133], "val_loss": [2.6973767280578613]}