{"loss": [5.459128379821777, 4.8549485206604, 4.552386283874512, 4.277858257293701, 4.053221225738525, 3.869492530822754, 3.7156074047088623, 3.591693162918091, 3.4680473804473877, 3.378253221511841, 3.2681732177734375, 3.179750919342041, 3.087080717086792, 3.0175790786743164, 2.928605079650879, 2.8723950386047363, 2.7820327281951904, 2.7361855506896973, 2.66514253616333, 2.608649253845215], "accuracy": [0.07374999672174454, 0.1081250011920929, 0.13562500476837158, 0.16687500476837158, 0.19812500476837158, 0.2068749964237213, 0.21437500417232513, 0.2199999988079071, 0.2318750023841858, 0.24375000596046448, 0.2593750059604645, 0.2643750011920929, 0.2762500047683716, 0.2906250059604645, 0.30375000834465027, 0.3050000071525574, 0.3231250047683716, 0.3137499988079071, 0.3306249976158142, 0.34937500953674316], "val_loss": [2.9613876342773438, 2.762254476547241, 2.600435733795166, 2.479200601577759, 2.4138622283935547, 2.350412607192993, 2.355673313140869, 2.239964485168457, 2.2348899841308594, 2.24668288230896, 2.2103567123413086, 2.181920289993286, 2.1719107627868652, 2.1953492164611816, 2.173049211502075, 2.211216926574707, 2.1970105171203613, 2.183790683746338, 2.1690919399261475, 2.2446298599243164], "val_accuracy": [0.057644110172986984, 0.07518796622753143, 0.09273182600736618, 0.11278195679187775, 0.1077694222331047, 0.14035087823867798, 0.12280701845884323, 0.16290727257728577, 0.1679197996854782, 0.15789473056793213, 0.18045112490653992, 0.18295739591121674, 0.18796992301940918, 0.19298245012760162, 0.18045112490653992, 0.21052631735801697, 0.20551379024982452, 0.2130325883626938, 0.21052631735801697, 0.20551379024982452]}