{"loss": [3.521104335784912, 2.1607556343078613, 1.6221301555633545, 1.533884882926941, 1.3513374328613281, 1.1965044736862183, 1.0057055950164795, 0.8440724015235901], "accuracy": [0.17753960192203522, 0.4040074646472931, 0.5372786521911621, 0.5582479238510132, 0.6081081032752991, 0.6547064185142517, 0.6994408369064331, 0.7539608478546143]}