{"loss": [6.5732340812683105], "accuracy": [0.05237499997019768], "val_loss": [4.890988826751709], "val_accuracy": [0.05493951588869095]}